n_gt,n_pred,abs_count_error,rel_count_error,tp_50,fp_50,fn_50,ap_50,precision_50,recall_50,tp_75,fp_75,fn_75,ap_75,precision_75,recall_75,fg_iou,fg_dice,boundary_precision,boundary_recall,boundary_f1,split_count,merge_count,sample_id,model
770,772,2,0.0026,126,646,644,0.089,0.1632,0.1636,0,772,770,0.0,0.0,0.0,0.3914,0.5626,0.4128,0.1401,0.2092,60,27,GT_sfGFP_00025_1,Cellpose-SAM_cpsam_v2
735,725,10,0.0136,84,641,651,0.061,0.1159,0.1143,0,725,735,0.0,0.0,0.0,0.3655,0.5353,0.3693,0.1863,0.2477,49,19,GT_sfGFP_00025_2,Cellpose-SAM_cpsam_v2
685,751,66,0.0964,144,607,541,0.1115,0.1917,0.2102,3,748,682,0.0021,0.004,0.0044,0.415,0.5866,0.4671,0.1461,0.2226,81,26,GT_sfGFP_00025_3,Cellpose-SAM_cpsam_v2
609,646,37,0.0608,126,520,483,0.1116,0.195,0.2069,0,646,609,0.0,0.0,0.0,0.399,0.5704,0.3443,0.0964,0.1506,23,11,GT_sfGFP_00025_4,Cellpose-SAM_cpsam_v2
158,177,19,0.1203,127,50,31,0.6106,0.7175,0.8038,5,172,153,0.0152,0.0282,0.0316,0.6095,0.7574,0.6986,0.6571,0.6772,17,1,GT_sfGFP_00130_1,Cellpose-SAM_cpsam_v2
150,161,11,0.0733,100,61,50,0.4739,0.6211,0.6667,11,150,139,0.0367,0.0683,0.0733,0.5856,0.7387,0.7034,0.6388,0.6695,13,4,GT_sfGFP_00130_3,Cellpose-SAM_cpsam_v2
174,182,8,0.046,131,51,43,0.5822,0.7198,0.7529,36,146,138,0.1125,0.1978,0.2069,0.6643,0.7983,0.8961,0.748,0.8154,25,8,GT_sfGFP_00130_4,Cellpose-SAM_cpsam_v2
101,98,3,0.0297,43,55,58,0.2756,0.4388,0.4257,1,97,100,0.0051,0.0102,0.0099,0.5025,0.6689,0.3232,0.1014,0.1544,2,3,GT_mScarletI_00219_1,Cellpose-SAM_cpsam_v2
95,96,1,0.0105,43,53,52,0.2905,0.4479,0.4526,1,95,94,0.0053,0.0104,0.0105,0.4893,0.6571,0.3428,0.1283,0.1868,1,3,GT_mScarletI_00219_3,Cellpose-SAM_cpsam_v2
61,53,8,0.1311,29,24,32,0.3412,0.5472,0.4754,0,53,61,0.0,0.0,0.0,0.5452,0.7057,0.5064,0.2011,0.2878,1,7,GT_mScarletI_00219_4,Cellpose-SAM_cpsam_v2
298,291,7,0.0235,244,47,54,0.7072,0.8385,0.8188,14,277,284,0.0243,0.0481,0.047,0.6414,0.7815,0.6341,0.1359,0.2239,12,12,GT_CyOFP_00033_1,Cellpose-SAM_cpsam_v2
