source_group,modality,model,n_samples,mean_fg_dice,median_fg_dice,mean_boundary_f1,median_boundary_f1,median_relative_count_error
20221205 BF,Brightfield/Phase,Cellpose-SAM_cpsam_v2,576,0.01204670138888889,0.012150000000000001,0.38629895833333333,0.4,7.0
20221205 BF,Brightfield/Phase,MicroSAM_DeepBacs,576,0.008358506944444444,0.0073,0.5240057291666667,0.551,8.0
20221205 BF,Brightfield/Phase,Omnipose_bact_phase_omnitorch_0,576,0.05695434027777778,0.0461,0.39349236111111113,0.418,32.0
BF,Brightfield/Phase,Cellpose-SAM_cpsam_v2,1115,0.010292825112107624,0.0098,0.5575412556053811,0.5879,19.0
BF,Brightfield/Phase,MicroSAM_DeepBacs,1115,0.010328430493273541,0.0095,0.6640665470852019,0.6825,24.0
BF,Brightfield/Phase,Omnipose_bact_phase_omnitorch_0,1115,0.09209533632286995,0.0784,0.45756242152466364,0.4661,59.0
FL,Fluorescence,Cellpose-SAM_cpsam_v2,1058,0.03188506616257089,0.00595,0.3122799621928166,0.27735,8.0
FL,Fluorescence,MicroSAM_DeepBacs,1058,0.01699981096408318,0.003,0.2741986767485822,0.2324,7.0
FL,Fluorescence,Omnipose_bact_fluor_omnitorch_0,1058,0.03247882797731569,0.0093,0.3688609640831758,0.38039999999999996,7.0
fluorescence-之前的数据分割效果不好与传统分割算法效果对比,Fluorescence,Cellpose-SAM_cpsam_v2,138,0.11591449275362319,0.0778,0.3411304347826087,0.35919999999999996,40.0
fluorescence-之前的数据分割效果不好与传统分割算法效果对比,Fluorescence,MicroSAM_DeepBacs,138,0.058720289855072466,0.040749999999999995,0.4336304347826087,0.47655000000000003,36.0
fluorescence-之前的数据分割效果不好与传统分割算法效果对比,Fluorescence,Omnipose_bact_fluor_omnitorch_0,138,0.11061521739130435,0.07139999999999999,0.3483528985507246,0.3735,39.0
细菌打标,Fluorescence,Cellpose-SAM_cpsam_v2,15,0.6270066666666666,0.6567,0.30505333333333334,0.225,0.046
细菌打标,Fluorescence,MicroSAM_DeepBacs,15,0.4988266666666667,0.6962,0.5275466666666666,0.7072,0.6108
细菌打标,Fluorescence,Omnipose_bact_fluor_omnitorch_0,15,0.5683533333333333,0.6615,0.45092,0.4989,0.1839
